UNIPROT,pvalue,qvalue,effectSize,directedEffect
O00151,0.010371851,0.036276173,0.679513,0.679513
O00231,0.67530435,0.7650718,0.05077362,-0.05077362
O00264,0.19652176,0.30433267,0.39843464,-0.39843464
O00299,0.020346882,0.056765415,1.0838957,1.0838957
O00469,0.013865431,0.044580773,1.336544,1.336544
O00515,0.001488189,0.011114909,1.0438051,1.0438051
O00748,0.17189832,0.27571836,0.4526968,-0.4526968
O14745,0.08351725,0.16111593,0.12009716,-0.12009716
O14773,0.15965228,0.26157108,0.41559124,0.41559124
O14818,0.324371,0.4330987,2.8340025,-2.8340025
O14979,0.00057415,0.006432273,2.8186607,-2.8186607
O15143,0.91150403,0.94258136,0.11250687,0.11250687
O15145,0.24561523,0.35505253,0.33170605,0.33170605
O43175,0.93876207,0.96002835,0.06214714,0.06214714
O43242,0.86129725,0.9078494,0.088261604,0.088261604
O43390,0.13589884,0.23334809,0.340559,-0.340559
O43488,0.15978827,0.26157108,1.8274298,-1.8274298
O43681,0.99679714,0.9972134,0.002799988,-0.002799988
O43707,0.7983247,0.85858047,0.0740633,-0.0740633
O43765,0.003561457,0.018741455,3.6137877,-3.6137877
O43776,0.0042138,0.02106649,1.0381813,-1.0381813
O60218,0.18729325,0.29256907,0.39971733,-0.39971733
O60437,0.76508063,0.8362236,0.54416084,0.54416084
O60506,0.020067876,0.056648277,2.332984,2.332984
O60664,0.000592611,0.006536951,2.0393476,2.0393476
O60701,0.06725347,0.13816826,0.31632423,0.31632423
O60749,0.096090466,0.17988741,1.2956533,-1.2956533
O60763,0.96363235,0.97915465,0.01427269,0.01427269
O75083,0.003650557,0.018830568,0.81906796,0.81906796
O75347,0.073448256,0.14710161,0.45261002,-0.45261002
O75367,0.27616382,0.3844844,1.150835,1.150835
O75369,0.33006394,0.43988064,0.20341778,-0.20341778
O75390,0.07833246,0.15498808,0.6818924,0.6818924
O75396,0.9806731,0.98479366,0.006004334,0.006004334
O75439,0.006173101,0.026118085,0.9182682,0.9182682
O75521,0.022471232,0.06149568,1.295476,1.295476
O75534,0.048680943,0.10739761,1.1587934,-1.1587934
O75874,0.004535352,0.021678977,0.99922657,0.99922657
O75891,0.065665714,0.13631591,0.28411293,0.28411293
O75947,0.8385843,0.8894451,0.060652733,0.060652733
O76031,0.6335639,0.7350568,0.7412329,-0.7412329
O94760,0.002588844,0.01579287,0.768569,0.768569
O94826,0.9972133,0.9972134,0.00217247,0.00217247
O94979,0.7730051,0.8423169,0.051150322,-0.051150322
O95154,0.000445303,0.005504862,2.7984018,2.7984018
O95202,0.013492129,0.043773092,0.7787304,0.7787304
O95336,0.8635333,0.9078494,0.022239685,0.022239685
O95340,0.15914811,0.26157108,0.30208397,-0.30208397
O95479,0.13533406,0.23325597,1.9191532,-1.9191532
O95831,0.17227587,0.27571836,0.47673416,0.47673416
O95954,0.3501417,0.46491015,0.15377712,0.15377712
P0C0L4,0.00017798,0.003372196,1.8331032,-1.8331032
P0DJI9,0.006094154,0.026008978,2.1235409,-2.1235409
P00167,0.015500582,0.04749535,1.1347408,1.1347408
P00325,0.13814618,0.23527494,0.5521641,0.5521641
P00326,0.001319262,0.010510121,2.2239132,2.2239132
P00338,0.014890906,0.046219822,1.3017673,1.3017673
P00352,0.052711148,0.11487503,0.5156326,0.5156326
P00367,0.73618436,0.8108204,0.040405273,-0.040405273
P00387,0.91299343,0.94258136,0.12436199,-0.12436199
P00390,0.36357233,0.47742352,0.4074278,0.4074278
P00439,0.4951786,0.6100397,2.174099,-2.174099
P00480,5.62E-06,0.001342409,2.0717611,2.0717611
P00491,0.007688812,0.02979933,1.9918737,-1.9918737
P00505,0.7978561,0.85858047,0.09353638,0.09353638
P00558,0.035100788,0.085325554,0.9385786,-0.9385786
P00568,0.000258111,0.004513788,1.4377537,1.4377537
P00734,0.24286951,0.35207653,0.5182562,-0.5182562
P00738,0.28746942,0.3967494,0.6666546,0.6666546
P00747,0.22875986,0.3424234,0.3576498,-0.3576498
P00918,0.57320744,0.6782684,0.3736372,0.3736372
P00966,0.00127875,0.010418907,0.7523565,0.7523565
P01009,0.000138527,0.003142302,0.87085056,0.87085056
P01023,0.18395503,0.28924495,0.7370243,-0.7370243
P01024,0.79870754,0.85858047,0.08748627,-0.08748627
P02533,0.7054806,0.79035854,0.7731323,-0.7731323
P02538,0.2666524,0.37268955,3.180132,-3.180132
P02545,0.50709474,0.6204554,0.29216862,-0.29216862
P02647,0.060074516,0.12782228,1.2821674,1.2821674
P02649,7.17E-05,0.002364307,1.9902258,1.9902258
P02652,0.002559922,0.01579287,1.3645563,-1.3645563
P02671,0.2393571,0.34965447,0.17808914,0.17808914
P02675,0.000869871,0.00842834,0.7945509,-0.7945509
P02679,0.068094596,0.13949662,0.49280643,0.49280643
P02751,0.01539637,0.04737852,0.898263,-0.898263
P02753,0.81055915,0.8635523,0.06536293,-0.06536293
P02768,0.81901246,0.8712636,0.1277523,-0.1277523
P02786,0.04038334,0.09493394,2.4801712,-2.4801712
P02787,0.025145348,0.066914745,1.1688948,1.1688948
P02792,0.12112331,0.2123359,0.5088043,-0.5088043
P04003,0.035672322,0.08582902,1.2897377,-1.2897377
P04004,0.000403602,0.005396504,2.215722,2.215722
P04040,0.002712279,0.015940197,0.8840685,-0.8840685
P04075,0.5568717,0.66380006,0.17713165,-0.17713165
P04083,0.16364577,0.26546153,0.31350327,-0.31350327
P04114,0.22340614,0.33793706,0.6296129,0.6296129
P04179,1.33E-05,0.001928815,2.2961369,2.2961369
P04259,0.4194982,0.5323541,2.177495,-2.177495
P04264,0.12784304,0.22140926,1.9932156,-1.9932156
P04350,0.1214492,0.21238795,1.2926273,-1.2926273
P04406,9.80E-05,0.002909405,1.8052921,1.8052921
P04424,0.003126537,0.017513486,1.2279081,1.2279081
P04792,0.167355,0.27025557,1.0345745,-1.0345745
P04843,0.000983402,0.008925309,1.3288498,-1.3288498
P04844,0.41920093,0.5323541,1.1215162,-1.1215162
P05023,0.15811233,0.26121324,0.48714733,-0.48714733
P05062,0.13745143,0.2346492,0.5448303,0.5448303
P05089,0.61117244,0.7160301,0.05627823,-0.05627823
P05091,0.15475382,0.25625512,0.33568573,0.33568573
P05141,0.10627011,0.19241324,0.39453602,0.39453602
P05165,0.011480942,0.039199214,0.7737055,0.7737055
P05166,0.006596385,0.027497718,1.8215933,1.8215933
P05181,0.9231195,0.9468907,0.12690163,-0.12690163
P05198,0.07846678,0.15498808,1.3322334,1.3322334
P05387,0.1881624,0.29328787,0.29387474,0.29387474
P05388,0.5545063,0.6637409,0.22690964,0.22690964
P05556,0.018051527,0.053263135,0.6304846,0.6304846
P05783,0.012820584,0.042166766,0.713871,0.713871
P05787,0.000718048,0.007571185,1.1207237,1.1207237
P06133,0.53199846,0.6432427,0.5071497,-0.5071497
P06396,0.57209307,0.6782684,0.4006462,0.4006462
P06576,0.7029377,0.79035854,0.036863327,0.036863327
P06703,0.011117916,0.03850987,1.1656609,1.1656609
P06733,0.006192574,0.026118085,0.91119385,0.91119385
P06737,0.022130203,0.060794454,0.9464483,0.9464483
P06744,0.059204362,0.12709436,0.4107046,0.4107046
P06748,0.8567796,0.9047288,0.036938667,0.036938667
P06753,0.044404194,0.100565545,1.2083511,1.2083511
P07099,0.76049167,0.8337495,0.19015408,-0.19015408
P07148,0.001765857,0.012292422,3.3363066,3.3363066
P07195,0.002445037,0.015244267,2.2213125,2.2213125
P07203,0.002320546,0.01459501,2.0866213,2.0866213
P07237,0.002602081,0.01579287,0.8687134,0.8687134
P07306,0.40220147,0.5168071,2.3987923,-2.3987923
P07327,0.5817067,0.68486613,0.83815384,0.83815384
P07339,5.68E-05,0.002293301,1.8134184,1.8134184
P07355,0.26850438,0.37454787,0.24269485,0.24269485
P07437,0.001060726,0.009293202,3.078535,3.078535
P07602,0.001374629,0.010830865,2.6796722,-2.6796722
P07737,0.0004125,0.005396504,1.0292969,1.0292969
P07814,0.006653934,0.02757728,2.4606485,-2.4606485
P07858,0.70665383,0.79043806,0.2825842,-0.2825842
P07900,0.0004764,0.005789474,1.8989849,1.8989849
P07910,0.03321009,0.08182692,0.44707012,0.44707012
P07954,0.001199459,0.010000138,1.2142277,1.2142277
P08133,0.003648448,0.018830568,1.5462933,1.5462933
P08238,0.003197538,0.01777236,0.57926846,0.57926846
P08263,0.28114936,0.38943195,0.55243206,-0.55243206
P08319,0.7649067,0.8362236,0.043952942,-0.043952942
P08574,0.01879123,0.05475524,1.4148693,-1.4148693
P08670,0.6608356,0.7568994,0.12438774,0.12438774
P08727,0.032256596,0.0800276,1.0742512,1.0742512
P08729,0.000133358,0.003142302,2.8342342,2.8342342
P08758,0.014568609,0.045723904,0.38610744,0.38610744
P08779,0.70537597,0.79035854,0.8071337,-0.8071337
P08865,0.28954753,0.3977118,0.3464775,-0.3464775
P09110,0.02568385,0.06770337,0.66814804,0.66814804
P09210,0.20946024,0.3202195,3.650445,-3.650445
P09327,0.66461766,0.7588071,0.4638033,0.4638033
P09382,0.23991194,0.34965447,0.5140343,-0.5140343
P09417,0.007237008,0.028906431,1.220623,1.220623
P09467,0.000375813,0.005196151,3.5365639,3.5365639
P09493,0.060546033,0.12829657,0.4668274,-0.4668274
P09497,0.23800357,0.34965447,0.3763733,0.3763733
P09525,0.041401193,0.096692674,0.7439022,0.7439022
P09622,0.001559873,0.011473483,2.4727354,-2.4727354
P09651,0.001716535,0.012066226,1.8013735,1.8013735
P09874,0.2535164,0.36427101,1.9651289,-1.9651289
P09972,0.005773749,0.025089554,4.1439543,-4.1439543
P10515,0.000953044,0.008760673,1.9026098,1.9026098
P10599,0.19988783,0.3062382,0.61938,0.61938
P10644,0.30576152,0.41131505,0.6781082,-0.6781082
P10768,0.004953338,0.022197142,0.39557838,0.39557838
P10809,0.009062542,0.033488203,0.6213207,-0.6213207
P10909,0.012235377,0.041186675,1.2604656,1.2604656
P11021,0.112357,0.20061366,0.36978722,0.36978722
P11142,0.46172938,0.5727681,0.3222046,-0.3222046
P11310,0.91497463,0.94258136,0.01684475,-0.01684475
P11413,0.28833014,0.39679974,3.724659,-3.724659
P11498,0.70342106,0.79035854,0.089369774,0.089369774
P11586,0.046940975,0.10484946,0.97899437,0.97899437
P11712,0.54539526,0.6561213,0.42807102,-0.42807102
P11766,0.64392734,0.7434715,0.10361862,-0.10361862
P11940,0.007191178,0.028906431,0.84300137,-0.84300137
P12236,0.3661734,0.4778483,1.7967625,-1.7967625
P12268,0.63508314,0.7356291,0.4006691,0.4006691
P12814,0.007256103,0.028906431,1.4407501,1.4407501
P12955,0.28134698,0.38943195,0.5773773,0.5773773
P12956,5.74E-05,0.002293301,3.9032183,3.9032183
P13010,0.16294804,0.26498854,0.26996803,0.26996803
P13073,0.50256246,0.61596084,0.14724064,0.14724064
P13639,0.004693149,0.021766856,0.6992693,-0.6992693
P13645,0.7671019,0.83715636,0.44029617,0.44029617
P13647,0.3517607,0.4654514,2.204008,-2.204008
P13667,0.001098621,0.009370263,0.67776394,0.67776394
P13693,0.009365832,0.034087818,0.77926826,-0.77926826
P13796,0.007612889,0.029665437,0.79094696,0.79094696
P13797,0.004341876,0.021220481,3.4530125,3.4530125
P13804,0.005628104,0.024605792,0.7574625,0.7574625
P13929,0.004518457,0.021678977,1.7989311,-1.7989311
P13987,0.001616209,0.011473483,1.517271,-1.517271
P14314,0.020779386,0.05730313,0.7872658,0.7872658
P14550,0.001903261,0.012635537,3.954877,3.954877
P14618,0.100052364,0.18489057,0.7356386,0.7356386
P14625,0.001471607,0.011106757,0.5497284,0.5497284
P14866,0.002212971,0.014166962,1.1633406,1.1633406
P14868,0.003374594,0.018330177,1.4504461,1.4504461
P14923,0.23044668,0.34422964,1.3990221,-1.3990221
P14927,0.037066434,0.088488355,0.6739521,0.6739521
P15121,0.15890788,0.26157108,1.1185026,1.1185026
P15144,0.02696787,0.06958932,0.96277523,0.96277523
P15311,0.5576381,0.66380006,0.074588776,0.074588776
P15374,0.29160824,0.3997763,0.53117085,-0.53117085
P15880,0.13603836,0.23334809,1.554246,-1.554246
P15924,0.25964436,0.36991924,1.0818377,-1.0818377
P16152,0.00028551,0.004760713,2.1890411,-2.1890411
P16219,0.035226822,0.085325554,1.5094614,1.5094614
P16401,0.06443559,0.13469477,3.0022001,3.0022001
P16435,0.23660971,0.34965447,0.7223549,-0.7223549
P16615,0.001586906,0.011473483,1.3703432,-1.3703432
P16662,0.110586345,0.19822598,1.0884256,-1.0884256
P17174,0.00127639,0.010418907,0.47062492,0.47062492
P17516,3.23E-05,0.001928815,1.8194017,-1.8194017
P17858,0.30128655,0.40836003,4.18309,-4.18309
P17931,0.4540475,0.56617725,1.6748495,1.6748495
P17987,0.49859014,0.61213857,0.23313618,-0.23313618
P18124,0.096952,0.1805573,0.7585478,0.7585478
P18206,0.9652342,0.97915465,0.014138222,0.014138222
P18428,0.89634717,0.93412924,0.03012371,0.03012371
P18621,0.23835735,0.34965447,0.38557053,0.38557053
P19338,0.04602772,0.10354361,0.51471615,0.51471615
P19623,0.75314146,0.82695633,0.053940773,0.053940773
P19971,0.60180974,0.7062153,0.3999796,-0.3999796
P20618,0.16728103,0.27025557,0.87452793,-0.87452793
P20674,0.072702855,0.14601666,1.6718998,-1.6718998
P20700,0.2115472,0.3227219,4.339427,4.339427
P20810,0.44934618,0.5612914,1.0617485,-1.0617485
P21281,0.65479904,0.75118506,0.2720747,-0.2720747
P21333,0.55281657,0.6628249,0.1157856,0.1157856
P21397,0.2940437,0.40081602,0.9465637,-0.9465637
P21549,0.21216919,0.32298362,0.30123138,0.30123138
P21695,2.84E-05,0.001928815,1.2027798,1.2027798
P21796,0.22633167,0.34092405,0.250535,0.250535
P21912,0.001847434,0.012496317,1.3766508,1.3766508
P21980,0.23930916,0.34965447,0.28003502,-0.28003502
P22033,0.10518983,0.19093946,0.2430811,-0.2430811
P22102,0.1146694,0.20300719,0.93318176,-0.93318176
P22234,0.22869667,0.3424234,3.6459293,-3.6459293
P22307,0.004598859,0.021693299,1.1321049,1.1321049
P22314,0.026079599,0.067996606,0.45918655,-0.45918655
P22392,0.000303324,0.004801994,2.5723972,-2.5723972
P22626,0.5116137,0.62491804,0.27558804,-0.27558804
P22695,0.008473032,0.03197454,0.68105125,-0.68105125
P22760,0.115726225,0.20437357,0.78603363,-0.78603363
P23141,0.1853585,0.29017907,0.3872261,0.3872261
P23246,0.18518096,0.29017907,1.2334185,1.2334185
P23284,0.000328599,0.004808272,2.1506338,2.1506338
P23378,0.19784832,0.3057268,0.36786842,0.36786842
P23381,0.046771728,0.10479787,0.9295769,0.9295769
P23396,0.026179524,0.06800983,1.3830147,1.3830147
P23526,0.004071572,0.020558566,0.46588612,-0.46588612
P23528,0.003417605,0.018350659,2.6996384,-2.6996384
P23588,0.09056326,0.17043,1.2743797,1.2743797
P23786,0.43649563,0.54619056,0.3893137,0.3893137
P24298,0.000785857,0.007913144,1.9012098,1.9012098
P24534,0.012171519,0.04116498,1.9330063,1.9330063
P24539,0.023773905,0.06373302,1.4640074,-1.4640074
P24752,0.05979454,0.12782228,0.8612728,0.8612728
P25325,0.08878059,0.16840123,1.2199335,-1.2199335
P25398,0.022885414,0.062154684,0.2482214,0.2482214
P25685,0.26380697,0.37191322,0.91873074,-0.91873074
P25705,0.016156359,0.04867273,0.42506218,0.42506218
P25787,0.002775792,0.01605034,1.8457413,-1.8457413
P25788,0.26500097,0.37191322,1.5028677,-1.5028677
P25789,0.001880628,0.012601968,1.3663492,1.3663492
P26038,0.1603072,0.2618229,0.28685188,0.28685188
P26373,0.11247793,0.20061366,0.35006523,-0.35006523
P26440,0.8947274,0.9337983,0.16121674,-0.16121674
P26639,0.07877443,0.1551683,0.9722519,-0.9722519
P26640,0.26178208,0.37167868,2.5074415,-2.5074415
P26641,0.42587847,0.5375963,0.13176441,-0.13176441
P27105,0.2416121,0.35139123,1.5360556,-1.5360556
P27144,0.002001621,0.013046924,0.7397413,0.7397413
P27338,0.068596065,0.13972546,0.75612545,-0.75612545
P27348,0.9723964,0.98060215,0.034555435,-0.034555435
P27487,0.12687601,0.2202665,0.5933294,-0.5933294
P27635,0.31188387,0.41876525,0.34229565,-0.34229565
P27797,2.95E-09,2.11E-06,1.5943117,1.5943117
P27816,0.3035669,0.40957555,0.2719736,-0.2719736
P27824,0.04780583,0.10612004,2.2174368,-2.2174368
P28066,0.08338167,0.16111593,0.30037975,-0.30037975
P28070,0.7119582,0.7951309,0.08083248,0.08083248
P28074,0.9210424,0.94611347,0.01969719,-0.01969719
P28332,0.8884903,0.92864037,0.083934784,-0.083934784
P28838,3.08E-05,0.001928815,1.8184099,1.8184099
P29401,0.055533305,0.11957166,0.3938856,0.3938856
P29692,0.048205927,0.1066779,0.40531063,-0.40531063
P30038,0.015597547,0.047589093,0.7251606,0.7251606
P30039,0.000321472,0.004801994,2.3123388,2.3123388
P30040,0.000178722,0.003372196,0.8764763,0.8764763
P30041,1.59E-05,0.001928815,2.098444,2.098444
P30042,0.032666426,0.08076491,0.623189,0.623189
P30043,0.003581004,0.018741455,1.488162,1.488162
P30044,0.000119513,0.002954858,1.1705389,1.1705389
P30048,0.000545469,0.006308088,1.0885344,1.0885344
P30049,0.023822116,0.06373302,1.1122456,-1.1122456
P30050,0.352668,0.4656776,0.37166977,-0.37166977
P30084,0.047136057,0.10495823,0.21052551,0.21052551
P30085,0.004230928,0.02106649,0.57904434,0.57904434
P30086,4.43E-05,0.002268734,2.0518475,2.0518475
P30101,0.009973755,0.03505481,0.9957199,0.9957199
P30153,0.009585284,0.034363233,2.1188688,2.1188688
P30405,3.06E-05,0.001928815,2.5452766,-2.5452766
P30613,0.46034336,0.57203823,0.38920593,0.38920593
P30837,0.1781428,0.28267476,0.23166943,0.23166943
P31040,0.026994148,0.06958932,0.70888233,-0.70888233
P31153,0.12875345,0.22244878,2.4926863,-2.4926863
P31327,0.000807652,0.007932683,0.7223015,0.7223015
P31513,0.14170031,0.23905668,3.7854996,-3.7854996
P31930,0.00158465,0.011473483,1.3865767,-1.3865767
P31937,0.019015418,0.05475524,1.3621826,1.3621826
P31939,0.002621132,0.01579287,0.71189976,-0.71189976
P31942,0.027695056,0.07066672,0.76177406,0.76177406
P31946,0.001093725,0.009370263,2.382804,2.382804
P31947,0.08277067,0.16083077,2.459319,-2.459319
P31948,0.1817058,0.28696692,0.95836353,-0.95836353
P31949,0.027559,0.070570715,0.75418186,-0.75418186
P32119,0.06842591,0.13972546,0.8727617,0.8727617
P32754,0.043883856,0.10054816,1.3341475,-1.3341475
P32969,0.10270572,0.18763174,1.3462296,1.3462296
P33121,0.027078694,0.06958932,1.0544062,-1.0544062
P34896,0.51485574,0.62780863,0.54796696,-0.54796696
P34897,0.07171639,0.14485279,0.83156013,0.83156013
P34932,0.2779671,0.38624498,0.2108202,-0.2108202
P35221,0.102699816,0.18763174,0.35031414,-0.35031414
P35232,0.006923036,0.028203497,0.4868908,0.4868908
P35241,0.17125653,0.27531594,1.2154627,1.2154627
P35268,0.31604776,0.42356315,0.30480003,-0.30480003
P35527,0.003778121,0.019349378,2.5885468,2.5885468
P35558,0.013560633,0.043797165,0.94764423,-0.94764423
P35573,0.07543069,0.15065125,1.5532084,-1.5532084
P35579,0.042494636,0.098475866,0.913723,-0.913723
P35606,0.66809374,0.76117134,0.30144024,-0.30144024
P35609,0.14045471,0.23807564,0.48687363,0.48687363
P35754,0.018965347,0.05475524,0.9618101,-0.9618101
P35908,0.74636376,0.82077134,0.17577362,0.17577362
P35914,0.04389343,0.10054816,0.4418211,0.4418211
P35998,0.23353453,0.34739462,1.8130236,-1.8130236
P36542,0.000338887,0.004859645,1.5241938,-1.5241938
P36578,0.12494008,0.21796104,0.9104481,-0.9104481
P36776,0.06594512,0.13631591,0.4077282,0.4077282
P36871,0.01656709,0.049701273,2.235775,2.235775
P36957,0.24306548,0.35207653,0.5036402,0.5036402
P37802,0.011424236,0.039192226,1.6711264,1.6711264
P37837,0.02321272,0.06280571,1.0134373,-1.0134373
P38117,0.6465834,0.74414146,0.059446335,0.059446335
P38159,6.08E-05,0.002293301,1.6146088,1.6146088
P38606,0.000154505,0.003209613,1.5359497,1.5359497
P38646,0.001469833,0.011106757,0.8332939,0.8332939
P38919,0.2955517,0.40210724,0.9608593,-0.9608593
P39019,3.01E-05,0.001928815,3.29002,-3.29002
P39023,0.9140717,0.94258136,0.011107445,-0.011107445
P39656,0.25109637,0.3622456,0.5667944,-0.5667944
P39687,0.0931438,0.1748274,0.38167763,-0.38167763
P40121,0.25297433,0.36422202,0.9799738,0.9799738
P40227,8.26E-05,0.002575901,1.7353764,1.7353764
P40429,0.026077827,0.067996606,1.1506586,1.1506586
P40925,0.57555556,0.67985696,0.38893795,0.38893795
P40926,0.30389702,0.40957555,0.20697403,0.20697403
P40939,0.13996907,0.23781468,0.2645855,-0.2645855
P41091,0.014639583,0.045723904,2.1551514,-2.1551514
P41250,0.018017173,0.053263135,2.0630589,-2.0630589
P42330,0.80510294,0.86029637,0.02875328,0.02875328
P42677,0.012897616,0.042226423,8.506096,-8.506096
P42704,0.53415394,0.64476126,0.12784195,0.12784195
P42765,0.000416011,0.005396504,1.0625429,1.0625429
P42766,0.05468101,0.118447974,1.0062256,-1.0062256
P43243,0.6787545,0.76640457,0.11141586,-0.11141586
P43490,0.05516525,0.119137,0.3780222,0.3780222
P43686,0.06597159,0.13631591,0.4479351,-0.4479351
P45880,0.73132557,0.80798674,0.099637985,-0.099637985
P45954,0.000209876,0.003762021,3.125476,3.125476
P46776,0.7356509,0.8108204,0.33877468,-0.33877468
P46777,0.044462036,0.100565545,0.5553093,-0.5553093
P46778,0.030534152,0.07674036,0.53186226,0.53186226
P46779,0.19916017,0.3062382,0.22825813,-0.22825813
P46781,0.17379789,0.2775347,0.5548248,-0.5548248
P46977,0.63681006,0.7364398,0.13327026,-0.13327026
P47756,0.96887785,0.97915465,0.008699417,-0.008699417
P47914,0.29315183,0.4003616,0.21106815,-0.21106815
P48047,0.19397752,0.30104294,0.71353436,-0.71353436
P48444,0.9017781,0.93842494,0.075315475,-0.075315475
P48449,0.26264656,0.37191322,0.76696014,-0.76696014
P48637,0.72985226,0.80798674,0.17416096,-0.17416096
P48643,0.020226983,0.056656595,0.58945465,-0.58945465
P48735,0.002706387,0.015940197,0.771348,-0.771348
P49189,0.011192805,0.038582876,0.52805233,0.52805233
P49207,0.014040141,0.044741236,1.4025936,-1.4025936
P49326,0.10050505,0.18524966,0.7710848,-0.7710848
P49327,0.035344068,0.085325554,0.4766369,0.4766369
P49368,0.10284421,0.18763174,0.30242348,0.30242348
P49411,0.005009923,0.02231127,0.6468048,0.6468048
P49419,3.84E-05,0.002120416,1.8642225,1.8642225
P49588,0.004568803,0.021693299,0.6712465,0.6712465
P49591,0.96923006,0.97915465,0.024831772,-0.024831772
P49748,0.050267946,0.11022049,1.4900961,-1.4900961
P49755,0.9366417,0.9593886,0.01312542,-0.01312542
P49773,0.012542193,0.04182675,1.844224,-1.844224
P49821,0.04606753,0.10354361,0.31637478,0.31637478
P50395,0.05302962,0.11521886,0.7697668,0.7697668
P50416,0.10344466,0.1882483,2.4793444,-2.4793444
P50440,0.01894494,0.05475524,0.506794,-0.506794
P50502,1.87E-05,0.001928815,2.950283,2.950283
P50914,0.000105277,0.002909405,1.4929895,-1.4929895
P50990,0.002882559,0.016403133,1.3701572,-1.3701572
P50991,0.86733365,0.91050947,0.027611732,0.027611732
P50995,0.26532292,0.37191322,0.44871712,0.44871712
P51148,0.001816022,0.012400838,0.54805183,0.54805183
P51570,0.03440465,0.084191576,0.83146095,0.83146095
P51571,0.014667366,0.045723904,1.031887,1.031887
P51648,0.6764747,0.7650718,0.24107647,-0.24107647
P51649,0.006344907,0.026604075,0.39916325,0.39916325
P51659,0.019191513,0.054821953,1.1946669,-1.1946669
P51858,0.012378618,0.041474152,1.0613079,1.0613079
P51991,0.007414255,0.029370282,1.5988626,1.5988626
P52209,0.9558089,0.974843,0.064665794,-0.064665794
P52272,0.11394162,0.20221815,0.7914429,0.7914429
P52565,0.029014615,0.07377118,1.1136122,-1.1136122
P52597,0.000143422,0.003142302,2.2396593,2.2396593
P52758,0.004315275,0.021220481,1.6423178,1.6423178
P52895,0.001446466,0.011106757,1.3038406,-1.3038406
P53007,0.72010034,0.80048347,0.11112499,0.11112499
P53396,0.009182039,0.033589385,0.923604,-0.923604
P53597,0.19980288,0.3062382,1.9105129,-1.9105129
P53621,0.42832237,0.53878444,0.26758766,0.26758766
P54136,0.9695958,0.97915465,0.019303322,0.019303322
P54578,0.08474394,0.16260311,1.940423,-1.940423
P54727,0.40352675,0.5175824,0.43473816,-0.43473816
P54819,0.43451193,0.54561293,0.13869095,0.13869095
P54868,0.08064846,0.15756111,0.2502699,0.2502699
P54920,0.005308645,0.023495665,1.3887615,-1.3887615
P55072,0.9085528,0.94258136,0.032586098,0.032586098
P55084,0.060078282,0.12782228,0.81975365,0.81975365
P55157,0.41002062,0.5231045,0.30733967,-0.30733967
P56385,0.080639094,0.15756111,3.1847801,-3.1847801
P56537,0.004781391,0.02183603,1.0305367,-1.0305367
P57088,0.39433646,0.50943995,0.5491524,0.5491524
P60174,0.19837768,0.30588546,0.4530754,0.4530754
P60228,0.36163726,0.47576842,0.4491024,0.4491024
P60468,0.3968891,0.51148677,0.33943748,-0.33943748
P60660,0.00160668,0.011473483,1.0632,1.0632
P60842,0.73063344,0.80798674,0.039541245,0.039541245
P60866,0.21351953,0.3243506,0.5730324,0.5730324
P60900,0.19054458,0.29635677,0.34103298,-0.34103298
P60903,0.000201037,0.003695983,2.9954777,2.9954777
P60981,0.53810054,0.6484336,0.58055496,-0.58055496
P61026,0.006806893,0.02788881,1.6607714,-1.6607714
P61106,6.82E-05,0.002364307,1.0913372,-1.0913372
P61158,0.08359152,0.16111593,1.3209047,-1.3209047
P61160,0.02270812,0.06190767,1.6997929,1.6997929
P61163,0.008065936,0.0308716,1.7270613,1.7270613
P61247,0.67650706,0.7650718,0.016637802,0.016637802
P61254,5.78E-05,0.002293301,1.7586937,-1.7586937
P61313,0.012055614,0.040966224,1.2192421,-1.2192421
P61353,0.8513583,0.90033007,0.052313805,-0.052313805
P61604,0.010540294,0.036686357,1.4745035,-1.4745035
P61619,0.23520441,0.3491543,2.3132858,-2.3132858
P61769,0.6619944,0.7570175,0.2928505,0.2928505
P61978,0.08914394,0.16864431,0.52854633,0.52854633
P61981,0.009107674,0.033488203,1.9861803,1.9861803
P62081,0.550904,0.66163826,0.19916344,0.19916344
P62158,0.36476538,0.47742352,1.0215673,-1.0215673
P62191,0.03731543,0.08859325,2.0494318,2.0494318
P62195,0.000790104,0.007913144,1.2538404,1.2538404
P62241,0.9399443,0.96002835,0.031562805,0.031562805
P62249,0.013142012,0.042831,2.2336416,-2.2336416
P62258,0.003112529,0.017513486,2.2575321,2.2575321
P62263,0.5582586,0.66380006,0.3002119,-0.3002119
P62266,0.000156676,0.003209613,2.4549618,-2.4549618
P62269,0.69844097,0.78739285,0.1432848,-0.1432848
P62280,0.017371612,0.05168233,2.319622,-2.319622
P62318,0.78383166,0.8515188,0.08227062,-0.08227062
P62333,0.007562403,0.02962974,1.1003981,1.1003981
P62424,0.08190169,0.15957469,1.368331,-1.368331
P62701,0.5560807,0.66380006,0.06450462,-0.06450462
P62750,0.02000472,0.056648277,0.48208523,-0.48208523
P62753,0.14997545,0.25007534,0.28127098,0.28127098
P62805,0.065387785,0.1362879,1.3541117,1.3541117
P62826,0.14398183,0.24233557,0.3696518,0.3696518
P62829,0.26002687,0.36991924,0.48042965,0.48042965
P62841,0.16298462,0.26498854,0.45307064,0.45307064
P62851,0.052386444,0.11451547,0.8557453,-0.8557453
P62854,0.003272956,0.018051606,0.7473097,0.7473097
P62857,0.12576967,0.2188759,0.49952888,-0.49952888
P62861,0.1781995,0.28267476,0.13693523,0.13693523
P62873,0.2930255,0.4003616,0.59588814,0.59588814
P62888,0.001298152,0.010458139,1.5017672,-1.5017672
P62899,0.3028939,0.40957555,0.23126125,0.23126125
P62906,0.7313578,0.80798674,0.08885765,-0.08885765
P62910,0.001062821,0.009293202,2.3654842,-2.3654842
P62913,0.40447956,0.5178782,0.73155785,-0.73155785
P62917,0.8829315,0.9241774,0.046416283,0.046416283
P62937,0.000119113,0.002954858,1.7316246,-1.7316246
P62942,0.41264817,0.52552164,0.12805462,-0.12805462
P63104,0.36929813,0.47968605,0.34262276,0.34262276
P63173,0.000753385,0.007828651,1.9375067,-1.9375067
P63244,0.086110644,0.16464351,0.7767935,-0.7767935
P67936,0.78501254,0.8515188,0.1300602,0.1300602
P68363,0.000105501,0.002909405,1.6461678,-1.6461678
P68366,0.01448496,0.045723904,1.1812735,1.1812735
P68371,0.000533348,0.006269022,1.3214874,1.3214874
P78371,0.11022276,0.19822598,0.59812164,-0.59812164
P78417,0.009797005,0.0346032,0.9705715,0.9705715
P80404,0.000794626,0.007913144,2.736989,2.736989
P83731,0.002198184,0.014166962,1.7449636,-1.7449636
P84098,0.004669187,0.021766856,1.6334162,1.6334162
P84103,0.66881174,0.76117134,0.17059231,0.17059231
P99999,0.018491887,0.054117054,1.8350763,1.8350763
Q3LXA3,0.25786373,0.36977637,0.39607143,0.39607143
Q3SY69,0.30104795,0.40836003,0.17010403,-0.17010403
Q3ZCQ8,0.7960953,0.85858047,0.17094517,0.17094517
Q4G0N4,0.8703795,0.91237134,0.12449169,0.12449169
Q5D862,0.43530145,0.5456486,1.6851654,-1.6851654
Q5JRX3,0.26545814,0.37191322,0.92085934,-0.92085934
Q6IB77,0.91034275,0.94258136,0.023039818,0.023039818
Q6KB66,0.6455355,0.74413013,0.8070431,-0.8070431
Q6NVY1,0.22155549,0.33584616,0.22756577,-0.22756577
Q6XQN6,0.28774032,0.3967494,1.2502394,-1.2502394
Q6YN16,0.004350644,0.021220481,0.9882889,-0.9882889
Q7KZF4,0.95841026,0.9761077,0.09619427,-0.09619427
Q7Z4W1,0.08988107,0.16959135,0.30257797,0.30257797
Q08AH3,0.020465408,0.056868214,1.1326742,1.1326742
Q8N1G4,0.060659066,0.12829657,1.7737198,-1.7737198
Q8NBS9,0.3829005,0.49645495,1.4257698,-1.4257698
Q8NBX0,0.019156925,0.054821953,1.2407379,1.2407379
Q8NC51,0.5806857,0.6847887,0.18893337,-0.18893337
Q8WUM4,0.004768618,0.02183603,1.0662899,1.0662899
Q8WWI1,0.17104907,0.27531594,1.3971596,-1.3971596
Q9BPW8,0.5930402,0.69706535,0.13968182,0.13968182
Q9BQE5,0.00056223,0.006398711,0.721858,0.721858
Q9BRA2,0.012807862,0.042166766,1.3289328,-1.3289328
Q9BRP8,0.15330347,0.25444114,2.1020937,-2.1020937
Q9BS26,0.11821544,0.20825656,0.6853132,-0.6853132
Q9BSE5,0.003429553,0.018350659,1.5205717,1.5205717
Q9BSJ8,0.06370256,0.13394348,0.64320946,0.64320946
Q9BTZ2,0.023650648,0.06373302,0.6230078,-0.6230078
Q9BUP3,0.14672022,0.2456653,1.0860815,-1.0860815
Q9BWD1,0.04271408,0.098475866,0.9183407,0.9183407
Q9H0W9,0.35184762,0.4654514,0.2692604,-0.2692604
Q9H2U2,0.005396514,0.023738042,1.1073275,1.1073275
Q9H8H3,0.108245276,0.19549578,5.621092,-5.621092
Q9H9B4,0.9895089,0.9922766,0.013767242,-0.013767242
Q9H444,0.7816082,0.8503989,0.059578896,0.059578896
Q9HCC0,0.14081715,0.23812696,0.5746746,0.5746746
Q9HDC9,0.6189299,0.7228152,0.15259552,0.15259552
Q9NUI1,0.42379248,0.5359068,0.4289484,0.4289484
Q9P0Z9,0.03149919,0.078419834,1.7759848,1.7759848
Q9P2E9,0.002680487,0.015940197,0.975337,0.975337
Q9UBQ7,0.041320715,0.096692674,0.6239939,-0.6239939
Q9UBR2,0.5305692,0.64260197,2.1692162,-2.1692162
Q9UDY2,0.90764856,0.94258136,0.042506218,-0.042506218
Q9UHD8,0.005877166,0.025385108,1.4179878,1.4179878
Q9UJM8,0.03530665,0.085325554,0.32578564,0.32578564
Q9UJS0,0.65289557,0.75020176,0.4187956,-0.4187956
Q9UKK9,0.002734916,0.015942553,1.9405041,1.9405041
Q9UKY3,0.36905512,0.47968605,0.31450844,0.31450844
Q9UL12,0.4904848,0.60634065,0.15039921,-0.15039921
Q9UL46,0.17897458,0.28327766,0.80993366,0.80993366
Q9ULV4,0.23993036,0.34965447,0.14740753,-0.14740753
Q9UNZ2,0.030763848,0.076856025,2.5620155,-2.5620155
Q9UQ80,0.012747142,0.042166766,1.3200884,1.3200884
Q9Y2P5,0.8101187,0.8635523,0.1573782,-0.1573782
Q9Y2Q3,0.13678405,0.2340672,0.86491585,-0.86491585
Q9Y2S7,0.8018529,0.8593849,0.066370964,-0.066370964
Q9Y2T3,0.08481671,0.16260311,3.0361242,-3.0361242
Q9Y3B3,0.004953175,0.022197142,1.0628948,-1.0628948
Q9Y3F4,5.44E-05,0.002293301,1.656908,1.656908
Q9Y3I0,0.57326466,0.6782684,0.18365955,0.18365955
Q9Y4L1,0.000144625,0.003142302,2.5673456,2.5673456
Q9Y6C9,0.07131684,0.14485279,1.5838165,-1.5838165
Q9Y6N5,0.037147842,0.088488355,0.9504833,0.9504833
Q9Y266,0.49617916,0.6102239,0.14932346,-0.14932346
Q9Y277,0.015993614,0.048590753,1.8491602,1.8491602
Q9Y281,0.008518009,0.031975973,1.7046881,-1.7046881
Q9Y394,0.8206344,0.87169576,0.06029892,-0.06029892
Q9Y490,0.6331229,0.7350568,0.11769867,-0.11769867
Q9Y678,0.042613678,0.098475866,1.2546053,-1.2546053
Q27J81,0.86333734,0.9078494,0.055075645,-0.055075645
Q32MZ4,0.003474369,0.01845275,1.618679,1.618679
Q53GQ0,0.2328948,0.3471633,0.7518244,-0.7518244
Q56VL3,0.08034419,0.15756111,2.8883219,-2.8883219
Q58FF3,0.004398638,0.021309612,7.418004,-7.418004
Q68CK6,0.041666865,0.0969972,3.8683786,-3.8683786
Q86TX2,0.14698812,0.2456653,0.5076227,-0.5076227
Q86YB7,0.00111084,0.009370263,1.8154402,-1.8154402
Q86YZ3,0.07192135,0.14485279,0.7367277,0.7367277
Q96AE4,0.25896698,0.36991924,0.3978386,0.3978386
Q96AG4,0.007484105,0.02948408,2.1512327,2.1512327
Q96DC8,0.4267529,0.5377534,0.17116356,0.17116356
Q96DG6,0.00606581,0.026008978,0.83090115,-0.83090115
Q96HC4,0.003806828,0.019358117,1.0110178,1.0110178
Q96I99,0.23939659,0.34965447,0.2664261,-0.2664261
Q96KP4,0.6299732,0.7332641,0.28607082,0.28607082
Q00266,7.25E-05,0.002364307,1.5815487,1.5815487
Q00325,0.520102,0.6331292,0.6963663,-0.6963663
Q00341,0.001060007,0.009293202,0.92442036,0.92442036
Q00610,0.040028743,0.09472147,0.5774956,-0.5774956
Q00796,0.000165433,0.003294879,1.21873,1.21873
Q00839,0.110323556,0.19822598,0.16427994,0.16427994
Q969H8,0.000680738,0.007284905,1.6870327,-1.6870327
Q969X5,0.17555194,0.27971262,1.5276375,1.5276375
Q01082,0.00975935,0.0346032,0.26829243,0.26829243
Q01518,0.000498319,0.005954912,2.4271736,2.4271736
Q01581,0.001806263,0.012400838,1.6960926,-1.6960926
Q02218,0.71767116,0.7990221,0.27045918,-0.27045918
Q02252,0.45634517,0.5680545,0.4837427,-0.4837427
Q02338,0.000429011,0.005396504,1.7014494,-1.7014494
Q02413,0.09817647,0.1822103,3.6251955,-3.6251955
Q02790,0.25942817,0.36991924,0.24524593,0.24524593
Q02818,0.030185802,0.07635475,1.3928404,1.3928404
Q02878,0.003343703,0.018301025,0.6871052,-0.6871052
Q03154,0.000904043,0.008642653,1.7605925,1.7605925
Q04446,0.04914515,0.10808918,1.6664028,-1.6664028
Q04637,0.47221544,0.5847641,0.23246288,-0.23246288
Q04695,0.008364493,0.03173196,2.5487318,-2.5487318
Q04837,0.11353023,0.20198792,1.1279259,-1.1279259
Q04917,0.42300364,0.5358544,0.55754566,0.55754566
Q06210,0.000376848,0.005196151,1.2604532,-1.2604532
Q06278,0.020542357,0.056868214,0.8881626,-0.8881626
Q06520,0.15277164,0.25414672,0.5554447,0.5554447
Q06830,0.09834782,0.1822103,0.28608513,-0.28608513
Q07020,0.31989452,0.42791846,0.51571083,0.51571083
Q07065,0.35471654,0.4675214,0.50799274,0.50799274
Q07954,0.78685147,0.85222435,0.12085819,-0.12085819
Q08257,0.91954964,0.9459353,0.010770798,-0.010770798
Q08426,0.025206814,0.066914745,0.7013483,0.7013483
Q09666,3.08E-05,0.001928815,2.1079493,2.1079493
Q10713,0.006723379,0.027704956,1.1500349,-1.1500349
Q12904,0.80013204,0.8588241,0.21956539,0.21956539
Q12907,0.002279643,0.014464634,1.7182865,-1.7182865
Q12931,0.36489275,0.47742352,1.2937412,-1.2937412
Q13011,0.000938832,0.008760673,1.1617546,-1.1617546
Q13162,0.2630643,0.37191322,0.33921814,0.33921814
Q13200,0.008094648,0.0308716,1.5281458,1.5281458
Q13228,0.000945408,0.008760673,1.5745668,1.5745668
Q13347,0.96949506,0.97915465,0.005478859,0.005478859
Q13423,0.97759527,0.9844603,0.008678436,0.008678436
Q13501,0.019579837,0.055709295,2.6244955,-2.6244955
Q13630,0.40636665,0.5193669,0.5337372,0.5337372
Q13813,0.08734734,0.16612205,0.25852394,0.25852394
Q13885,0.14606713,0.24526957,0.84402466,0.84402466
Q14032,0.009582364,0.034363233,1.744503,-1.744503
Q14103,0.000274004,0.004677635,1.4088955,1.4088955
Q14117,0.04433206,0.100565545,0.43806744,0.43806744
Q14152,0.38943696,0.50401837,0.7674608,-0.7674608
Q14204,0.000314053,0.004801994,3.0287437,-3.0287437
Q14240,0.016133264,0.04867273,0.72647667,-0.72647667
Q14247,0.80471814,0.86029637,0.14062786,0.14062786
Q14353,0.5252043,0.63825643,0.43383312,0.43383312
Q14554,0.030610533,0.07674036,1.9069023,-1.9069023
Q14697,0.008010076,0.0308716,1.3342257,-1.3342257
Q14764,0.033945452,0.08335233,1.0467367,1.0467367
Q14847,0.020228859,0.056656595,0.60721874,-0.60721874
Q14914,0.030243734,0.07635475,0.8984518,-0.8984518
Q14974,0.008989804,0.033397354,1.5713282,-1.5713282
Q15067,0.22546569,0.34033445,0.7738943,-0.7738943
Q15075,0.36655048,0.4778483,0.1376028,0.1376028
Q15084,0.06712336,0.13816826,0.53450394,-0.53450394
Q15149,0.101050176,0.18577679,0.4767027,0.4767027
Q15181,0.07187683,0.14485279,0.4057083,0.4057083
Q15185,0.8493461,0.8995289,0.11539745,-0.11539745
Q15233,0.000318381,0.004801994,0.93001556,-0.93001556
Q15274,0.6221751,0.72536504,0.93989944,-0.93989944
Q15365,0.000664948,0.007223752,1.3517246,-1.3517246
Q15436,0.009473142,0.034304246,1.130475,-1.130475
Q15493,0.06409172,0.1343677,2.0028973,2.0028973
Q15738,0.23617709,0.34965447,0.3715582,-0.3715582
Q15942,0.001963059,0.012912964,1.0257177,-1.0257177
Q16134,0.0153922,0.04737852,0.31130123,0.31130123
Q16181,0.000115908,0.002954858,1.2318115,-1.2318115
Q16543,0.008723976,0.03257859,2.088972,2.088972
Q16555,0.004951721,0.022197142,1.435421,-1.435421
Q16698,0.078275144,0.15498808,0.35843468,-0.35843468
Q16719,0.6706864,0.7620953,0.3313465,-0.3313465
Q16762,0.61898,0.7228152,0.72885036,-0.72885036
Q16775,0.040254943,0.09493394,1.1654358,1.1654358
Q16822,0.9793188,0.98479366,0.004252434,0.004252434
Q16836,0.02593863,0.067996606,0.8185854,0.8185854
Q16851,0.007256847,0.028906431,0.4440031,0.4440031
Q16881,0.076539494,0.15244107,0.22201633,-0.22201633
Q16891,0.08717294,0.16612205,0.31455708,-0.31455708
Q92499,0.004705528,0.021766856,1.2356148,-1.2356148
Q92506,0.26557827,0.37191322,0.3871317,0.3871317
Q92597,0.18229792,0.28726935,0.13554859,-0.13554859
Q92598,0.025291357,0.066914745,1.2797327,1.2797327
Q92743,0.001455498,0.011106757,1.4679604,-1.4679604
Q92945,0.000303154,0.004801994,1.2951784,1.2951784
Q93088,0.009727784,0.0346032,2.1412964,-2.1412964
Q99436,0.061631862,0.1299707,1.2503357,-1.2503357
Q99460,0.000425242,0.005396504,1.4960327,-1.4960327
Q99497,0.036927544,0.088488355,0.64334965,0.64334965
Q99541,0.018274149,0.053699035,1.1637068,-1.1637068
Q99623,0.12086282,0.2123359,0.5441818,-0.5441818
Q99714,0.22868527,0.3424234,0.3274231,0.3274231
Q99729,0.013987265,0.044741236,1.7037935,1.7037935
Q99798,0.09686025,0.1805573,0.31393814,0.31393814
Q99832,0.044393353,0.100565545,0.38366318,0.38366318
